ぁまのじゃく,ァマノジャク
ぁみ,ァミ
ぁみみ,ァミミ
あぁあの懐かしのシュウォッチ,アァアノナツカシノシュウォッチ
あぁ愛しの番長さま,アァイトシノバンチョウサマ
ああいえば上祐,アアイエバジョウユウ
ああっお嬢様っ,アアッオジョウサマッ
ああっ女神さまっ,アアッメガミサマッ
ああわが家,アアワガヤ
ああ一郎,アアイチロウ
ああ上野駅,アアウエノエキ
ああ人生に涙あり,アアジンセイニナミダアリ
ああ嫁さん,アアヨメサン
ああ家族,アアカゾク
ああ我が戦友,アアワガセンユウ
ああ探偵事務所,アアタンテイジムショ
ああ播磨灘,アアハリマナダ
ああ母さん,アアカアサン
ああ爆弾,アアバクダン
ああ相続,アアソウゾク
ああ結婚,アアケッコン
ああ言えばこう言う,アアイエバコウイウ
ああ言えば上祐,アアイエバジョウユウ
ああ野麦峠,アアノムギトウゲ
あぃかちゅ,アィカチュ
あい,アイ
あいあい,アイアイ
あいあいバス,アイアイバス
あいうえお,アイウエオ
あいうえおんがく,アイウエオンガク
あいうえお作文,アイウエオサクブン
あいうえお順,アイウエオジュン
あいうえラジお,アイウエラジオ
あいうら,アイウラ
あいえす造船,アイエスゾウセン
あいおいニッセイ同和損保,アイオイニッセイドウワソンポ
あいおいニッセイ同和損保フェニックスタワー,アイオイニッセイドウワソンポフェニックスタワー
あいおいニッセイ同和損害保険,アイオイニッセイドウワソンガイホケン
あいおい損保,アイオイソンポ
あいおい損害保険,アイオイソンガイホケン
あいおい生命保険,アイオイセイメイホケン
あいか,アイカ
あいかわい翔,アイカワイショウ
あいかわゆら,アイカワユラ
あいかわ優衣,アイカワユイ
あいかわ自然ネットワーク,アイカワシゼンネットワーク
あいか瞬,アイカシュン
あいき堂,アイキドウ
あいぎん,アイギン
あいくる,アイクル
あいこ,アイコ
あいこでしょ,アイコデショ
あいことば,アイコトバ
あいこら,アイコラ
あいさい,アイサイ
あいさいさん,アイサイサン
あいさつ,アイサツ
あいさつの魔法,アイサツノマホウ
あいされたいやつらのひとりごと,アイサレタイヤツラノヒトリゴト
あいざき進也,アイザキシンヤ
あいざわかおり,アイザワカオリ
あいざわひろし,アイザワヒロシ
あいざわみほ,アイザワミホ
あいざわみり,アイザワミリ
あいざわゆりか,アイザワユリカ
あいざわ元気,アイザワゲンキ
あいざわ藍,アイザワアイ
あいざわ遥,アイザワハルカ
あいすけ,アイスケ
あいすません,アイスマセン
あいすまんじゅう,アイスマンジュウ
あいぜっちゅー,アイゼッチュー
あいそ,アイソ
あいぞめ,アイゾメ
あいたい,アイタイ
あいたくて,アイタクテ
あいたま,アイタマ
あいだ,アイダ
あいださくら,アイダサクラ
あいだもも,アイダモモ
あいだゆあ,アイダユア
あいだケイ,アイダケイ
あいだ夏波,アイダナツミ
あいち,アイチ
あいちの伝統野菜,アイチノデントウヤサイ
あいちクローバー,アイチクローバー
あいちトリエンナーレ,アイチトリエンナーレ
あいちビジネス専門学校,アイチビジネスセンモンガッコウ
あいち三河農業協同組合,アイチミカワノウギョウキョウドウクミアイ
あいち中央農業協同組合,アイチチュウオウノウギョウキョウドウクミアイ
あいち健康の森公園,アイチケンコウノモリコウエン
あいち健康プラザ,アイチケンコウプラザ
あいち国際女性映画祭,アイチコクサイジョセイエイガサイ
あいち小児保健医療総合センター,アイチショウニホケンイリョウソウゴウセンター
あいち尾東農業協同組合,アイチビトウノウギョウキョウドウクミアイ
あいち情報専門学校,アイチジョウホウセンモンガッコウ
あいち戦国姫隊,アイチセンゴクヒメタイ
あいち海部農業協同組合,アイチアマノウギョウキョウドウクミアイ
あいち知多農業協同組合,アイチチタノウギョウキョウドウクミアイ
あいち福祉医療専門学校,アイチフクシイリョウセンモンガッコウ
あいち航空ミュージアム,アイチコウクウミュージアム
あいち豊田農業協同組合,アイチトヨタノウギョウキョウドウクミアイ
あいち造形デザイン専門学校,アイチゾウケイデザインセンモンガッコウ
あいつ,アイツ
あいつがトラブル,アイツガトラブル
あいつとララバイ,アイツトララバイ
あいつと俺,アイツトオレ
あいつと私,アイツトワタシ
あいつによろしく,アイツニヨロシク
あいつに恋して,アイツニコイシテ
あいつのタイムマシン,アイツノタイムマシン
あいつの声,アイツノコエ
あいつの季節,アイツノキセツ
あいつはアインシュタイン,アイツハアインシュタイン
あいつはママのボーイフレンド,アイツハママノボーイフレンド
あいづ,アイヅ
あいづライナー,アイヅライナー
あいづ球場,アイヅキュウジョウ
あいづ農業協同組合,アイヅノウギョウキョウドウクミアイ
あいづ陸上競技場,アイヅリクジョウキョウギジョウ
あいであ・らいふ,アイデアライフ
あいどるし隊っ,アイドルシタイッ
あいどんわなだい,アイドンワナダイ
あいなま,アイナマ
あいなめ,アイナメ
あいぬ,アイヌ
あいの,アイノ
あいのうた,アイノウタ
あいのうただから,アイノウタダカラ
あいのこ,アイノコ
あいのこころ,アイノココロ
あいのことば,アイノコトバ
あいのて,アイノテ
あいのり,アイノリ
あいのりタクシー,アイノリタクシー
あいのわ,アイノワ
あいのエチュード,アイノエチュード
あいの結婚相談所,アイノケッコンソウダンジョ
あいの詩,アイノウタ
あいの里,アイノサト
あいの里公園,アイノサトコウエン
あいの里公園駅,アイノサトコウエンエキ
あいの里教育大駅,アイノサトキョウイクダイエキ
あいの風とやま鉄道,アイノカゼトヤマテツドウ
あいの風とやま鉄道線,アイノカゼトヤマテツドウセン
あいの風ライナー,アイノカゼライナー
あいはらひろゆき,アイハラヒロユキ
あいはら友子,アイハラトモコ
あいはら雅一,アイハラマサカズ
あいば野,アイバノ
あいびき肉,アイビキニク
あいぶらん,アイブラン
あいぼん,アイボン
あいぽん,アイポン
あいまい,アイマイ
あいまいなオカピ,アイマイナオカピ
あいまいみー,アイマイミー
あいまいみーまいん,アイマイミーマイン
あいまい語ペディア,アイマイゴペディア
あいまねっ,アイマネッ
あいみ,アイミ
あいみゆうひ,アイミユウヒ
あいみょん,アイミョン
あいみん,アイミン
あいや,アイヤ
あいやーぼーる,アイヤーボール
あいら,アイラ
あいらぶカフェ,アイラブカフェ
あいらぶ土曜日,アイラブドヨウビ
あいらんど,アイランド
あいら交通,アイラコウツウ
あいら伊豆農業協同組合,アイライズノウギョウキョウドウクミアイ
あいら農業協同組合,アイラノウギョウキョウドウクミアイ
あいり,アイリ
あいりみく,アイリミク
あいりゅ,アイリュ
あいりん,アイリン
あいりんドリーム,アイリンドリーム
あいりん労働福祉センター,アイリンロウドウフクシセンター
あいりん地区,アイリンチク
あいりん貯蓄組合,アイリンチョチククミアイ
あいりーん,アイリーン
あいわの里,アイワノサト
あいタウン,アイタウン
あいテレビ,アイテレビ
あいバス,アイバス
あいホールディングス,アイホールディングス
あい・あいバス,アイアイバス
あい子,アイコ
あい路,アイロ
あうら真輝,アウラマキ
あうら聖児,アウラセイジ
あうん,アウン
あえか,アエカ
あえかなる世界の終わりに,アエカナルセカイノオワリニ
あえないウタ,アエナイウタ
あえば直道,アエバジキドウ
あえ物,アエモノ
あおいちゃんとヤマトくん,アオイチャントヤマトクン
あおいひとみ,アオイヒトミ
あおいみつ,アオイミツ
あおいれな,アオイレナ
あおいパーク,アオイパーク
あおい・さおりの新番組,アオイサオリノシンバングミ
あおい交通,アオイコウツウ
あおい交通株式会社,アオイコウツウカブシキガイシャ
あおい吉勇,アオイヨシキ
あおい君と佐藤クン,アオイクントサトウクン
あおい坂高校野球部,アオイザカコウコウヤキュウブ
あおい書店,アオイショテン
あおい有紀,アオイユキ
あおい洋一郎,アオイヨウイチロウ
あおい輝彦,アオイテルヒコ
あおい高等学院,アオイコウトウガクイン
あおか,アオカ
あおきえい,アオキエイ
あおきけい,アオキケイ
あおきさやか,アオキサヤカ
あおきてつお,アオキテツオ
あおきまお,アオキマオ
あおぎり,アオギリ
あおぎりぺんた,アオギリペンタ
あおげばとうとし,アオゲバトウトシ
あおげば尊し,アオゲバトウトシ
あおしまたかし,アオシマタカシ
あおしん,アオシン
あおそこひ,アオソコヒ
あおぞら,アオゾラ
あおぞらくん,アオゾラクン
あおぞらカード,アオゾラカード
あおぞらストライプ,アオゾラストライプ
あおぞらスーパー,アオゾラスーパー
あおぞらワイド,アオゾラワイド
あおぞら信託銀行,アオゾラシンタクギンコウ
あおぞら通信,アオゾラツウシン
あおぞら鈴音,アオゾラスズネ
あおぞら銀行,アオゾラギンコウ
あおっぱな,アオッパナ
あおなみウォーク,アオナミウォーク
あおなみカード,アオナミカード
あおなみ線,アオナミセン
あおば,アオバ
あおばす,アオバス
あおば会館,アオバカイカン
あおば出版,アオバシュッパン
あおば生命,アオバセイメイ
あおば生命保険,アオバセイメイホケン
あおば結衣,アオバユイ
あおば農業協同組合,アオバノウギョウキョウドウクミアイ
あおば通駅,アオバドオリエキ
あおみ建設,アオミケンセツ
あおもり,アオモリ
あおもりコンピュータ・カレッジ,アオモリコンピュータカレッジ
あおもり・ふぁん,アオモリファン
あおもり信用金庫,アオモリシンヨウキンコ
あおもり協立病院,アオモリキョウリツビョウイン
あおもり旬味館,アオモリシュンミカン
あおやぎ孝夫,アオヤギタカオ
あおり,アオリ
あおりんご,アオリンゴ
あおキング,アオキング
あか,アカ
あかいくつ,アカイクツ
あかいとまと,アカイトマト
あかいらか,アカイラカ
あかいわ農業協同組合,アカイワノウギョウキョウドウクミアイ
あかいトリ,アカイトリ
あかおか駅,アカオカエキ
あかがね,アカガネ
あかがねミュージアム,アカガネミュージアム
あかがわまき,アカガワマキ
あかぎ,アカギ
あかぎあい,アカギアイ
あかぎれ,アカギレ
あかぎ信用組合,アカギシンヨウクミアイ
あかぎ団,アカギダン
あかく咲く声,アカクサクコエ
あかこんバス,アカコンバス
あかし,アカシ
あかしあ,アカシア
あかしあ台,アカシアダイ
あかしや,アカシヤ
あかすり,アカスリ
あかずきん,アカズキン
あかたのげん,アカタノゲン
あかだ,アカダ
あかだ・くつわ,アカダクツワ
あかぢ駅,アカヂエキ
あかつ,アカツ
あかつき,アカツキ
あかつきけいいち,アカツキケイイチ
あかつきごもく,アカツキゴモク
あかつきゆきや,アカツキユキヤ
あかつきフィナンシャルグループ,アカツキフィナンシャルグループ
あかつき丸,アカツキマル
あかつき印刷,アカツキインサツ
あかつき戦闘隊,アカツキセントウタイ
あかつき証券,アカツキショウケン
あかどこ,アカドコ
あかなぎ,アカナギ
あかなめ,アカナメ
あかね,アカネ
あかねこの悪魔,アカネコノアクマ
あかねさす紫の花,アカネサスムラサキノハナ
あかねちゃん,アカネチャン
あかね台,アカネダイ
あかね志帆,アカネシホ
あかね書房,アカネショボウ
あかね色,アカネイロ
あかね色に染まる坂,アカネイロニソマルサカ
あかね葵,アカネアオイ
あかね雲,アカネクモ
あかのたちお,アカノタチオ
あかのれん,アカノレン
あかべぇ,アカベェ
あかべぇそふとすりぃ,アカベェソフトスリィ
あかべぇそふとつぅ,アカベェソフトツゥ
あかほり,アカホリ
あかほりさとる,アカホリサトル
あかほり外道アワーらぶげ,アカホリゲドウアワーラブゲ
あかほり悟,アカホリサトル
あかぼう,アカボウ
あかぼし,アカボシ
あかまき,アカマキ
あかまた,アカマタ
あかまる,アカマル
あかり,アカリ
あかりとシロの心霊夜話シリーズ,アカリトシロノシンレイヤワシリーズ
あかりりゅりゅ羽,アカリリュリュウ
あかりん,アカリン
あかんたれ,アカンタレ
あかんたれのすけ,アカンタレノスケ
あかんべえ,アカンベエ
あかテレサ,アカテレサ
あか牛,アカウシ
あがたの森公園,アガタノモリコウエン
あがた有為,アガタウイ
あがた森魚,アガタモリオ
あがりえひかり,アガリエヒカリ
あがりこ大王,アガリコダイオウ
あがりもの,アガリモノ
あがりゃんせ,アガリャンセ
あがり症,アガリショウ
あがわ医院,アガワイイン
あき,アキ
あきいちこ,アキイチコ
あきお,アキオ
あきか,アキカ
あきぎんスタジアム,アキギンスタジアム
あきげん,アキゲン
あきこ,アキコ
あきこロイドちゃん,アキコロイドチャン
あきすとぜねこ,アキストゼネコ
あきそら,アキソラ
あきたこまち,アキタコマチ
あきたにまさみ,アキタニマサミ
あきたびライン,アキタビライン
あきたスカイドーム,アキタスカイドーム
あきた北央農業協同組合,アキタホクオウノウギョウキョウドウクミアイ
あきた北空港インターチェンジ,アキタキタクウコウインターチェンジ
あきた北観光バス株式会社,アキタキタカンコウバスカブシキガイシャ
あきた北農業協同組合,アキタキタノウギョウキョウドウクミアイ
あきた港,アキタコウ
あきた湖東農業協同組合,アキタコトウノウギョウキョウドウクミアイ
あきた病院,アキタビョウイン
あきた白神農業協同組合,アキタシラカミノウギョウキョウドウクミアイ
あきた白神駅,アキタシラカミエキ
あきた鹿角国体,アキタカヅノコクタイ
あきち,アキチ
あきつしま,アキツシマ
あきつ丸,アキツマル
あきづきりょう,アキヅキリョウ
あきづき型巡視艇,アキヅキガタジュンシテイ
あきづき型護衛艦,アキヅキガタゴエイカン
あきづき空太,アキヅキソラタ
あきと,アキト
あきな,アキナ
あきなだ,アキナダ
あきの,アキノ
あきのはじめ,アキノハジメ
あきば,アキバ
あきばおー,アキバオー
あきばるいき,アキバルイキ
あきば栞,アキバシオリ
あきひこ,アキヒコ
あきひろ,アキヒロ
あきびんご,アキビンゴ
あきまん,アキマン
あきもと,アキモト
あきもと司,アキモトツカサ
あきやまかおる,アキヤマカオル
あきやまただし,アキヤマタダシ
あきやまひかり,アキヤマヒカリ
あきやまるな,アキヤマルナ
あきやん,アキヤン
あきよし,アキヨシ
あきよしふみえ,アキヨシフミエ
あきら,アキラ
あきらめ,アキラメ
あきらめない,アキラメナイ
あきらめましょう,アキラメマショウ
あきらめられない夢に,アキラメラレナイユメニ
あきら肇,アキラハジメ
あきる野,アキルノ
あきる野インターチェンジ,アキルノインターチェンジ
あきる野ショッピングシティ,アキルノショッピングシティ
あきる野市,アキルノシ
あきる野市民球場,アキルノシミンキュウジョウ
あきる野市立秋多中学校,アキルノシリツアキタチュウガッコウ
あきる野郵便局,アキルノユウビンキョク
あきれたぼういず,アキレタボウイズ
あきれた男たち,アキレタオトコタチ
あきんどスシロー,アキンドスシロー
あき亀山駅,アキカメヤマエキ
あき子,アキコ
あき竹城,アキタケジョウ
あぎじゅんこ,アギジュンコ
あぎと,アギト
あく,アク
あくあぴあ芥川,アクアピアアクタガワ
あくぎ,アクギ
あくび,アクビ
あくびのうた,アクビノウタ
あくびのむこうにとびだそう,アクビノムコウニトビダソウ
あくび指南,アクビシナン
あくび虫,アクビムシ
あくまき,アクマキ
あくり,アクリ
あく抜き,アクヌキ
あぐかる,アグカル
あぐら,アグラ
あぐり,アグリ
あぐりこ駅,アグリコエキ
あぐりずむ,アグリズム
あぐり京都,アグリキョウト
あぐり家日和,アグリケビヨリ
あぐー,アグー
あけいろ怪奇譚,アケイロカイキタン
あけおめ,アケオメ
あけすけ,アケスケ
あけのアクロスタウン,アケノアクロスタウン
あけの平,アケノダイラ
あけの美憂,アケノミユウ
あけび,アケビ
あけぼの,アケボノ
あけぼのグラウンド,アケボノグラウンド
あけぼの丸,アケボノマル
あけぼの大豆,アケボノダイズ
あけぼの子どもの森公園,アケボノコドモノモリコウエン
あけぼの山公園,アケボノヤマコウエン
あけぼの町,アケボノチョウ
あけぼの通商硬式野球部,アケボノツウショウコウシキヤキュウブ
あけましておめでとう,アケマシテオメデトウ
あけましておめでとうございます,アケマシテオメデトウゴザイマス
あけみ,アケミ
あけみ橋,アケミバシ
あけるなキケン,アケルナキケン
あけるり,アケルリ
あげいも,アゲイモ
あげくの果てのカノン,アゲクノハテノカノン
あげだま,アゲダマ
あげは,アゲハ
あげまん,アゲマン
あげテンッ,アゲテンッ
あこがれ,アコガレ
あこがれのお隣,アコガレノオトナリ
あこがれガールズコレクション,アコガレガールズコレクション
あこがれベビー,アコガレベビー
あこがれ共同隊,アコガレキョウドウタイ
あこがれ冒険者,アコガレアドベンチャー
あこがれ美しく燃え,アコガレウツクシクモエ
あこぎ,アコギ
あこもこジョッキー,アコモコジョッキー
あこや,アコヤ
あご,アゴ
あごひげ,アゴヒゲ
あごバリア,アゴバリア
あご勇,アゴイサム
あさいあみ,アサイアミ
あさいちばんはやいのは,アサイチバンハヤイノハ
あさいもとゆき,アサイモトユキ
あさいゆきの,アサイユキノ
あさか,アサカ
あさかぜ,アサカゼ
あさかぜ型護衛艦,アサカゼガタゴエイカン
あさかまゆみ,アサカマユミ
あさかホスピタル,アサカホスピタル
あさか野農業協同組合,アサカノノウギョウキョウドウクミアイ
あさがおと加瀬さん,アサガオトカセサン
あさがおのポートレート,アサガオノポートレート
あさがおテレビ,アサガオテレビ
あさがやドラム,アサガヤドラム
あさが来た,アサガキタ
あさきゆめみし,アサキユメミシ
あさぎり,アサギリ
あさぎり型護衛艦,アサギリガタゴエイカン
あさぎり夕,アサギリユウ
あさぎり峠,アサギリトウゲ
あさぎり町,アサギリチョウ
あさぎり町乗合タクシー,アサギリチョウノリアイタクシー
あさぎり町立上中学校,アサギリチョウリツウエチュウガッコウ
あさぎり町立上小学校,アサギリチョウリツウエショウガッコウ
あさぎり町立上小学校皆越分校,アサギリチョウリツウエショウガッコウミナゴエブンコウ
あさぎり町立免田中学校,アサギリチョウリツメンダチュウガッコウ
あさぎり町立免田小学校,アサギリチョウリツメンダショウガッコウ
あさぎり町立岡原中学校,アサギリチョウリツオカハラチュウガッコウ
あさぎり町立岡原小学校,アサギリチョウリツオカハルショウガッコウ
あさぎり町立深田中学校,アサギリチョウリツフカダチュウガッコウ
あさぎり町立深田小学校,アサギリチョウリツフカダショウガッコウ
あさぎり町立須恵中学校,アサギリチョウリツスエチュウガッコウ
あさぎり町立須恵小学校,アサギリチョウリツスエショウガッコウ
あさぎり駅,アサギリエキ
あさぎ夕,アサギユウ
あさぎ桜,アサギサクラ
あさくま,アサクマ
あさげ,アサゲ
あさこ,アサコ
あさこ・ゆうこ,アサコユウコ
あさごはんだいすき,アサゴハンダイスキ
あさご芸術の森,アサゴゲイジュツノモリ
あさご芸術の森美術館,アサゴゲイジュツノモリビジュツカン
あさしお,アサシオ
あさたろう,アサタロウ
あさだとま,アサダトマ
あさだみほ,アサダミホ
あさって,アサッテ
あさっての方向,アサッテノホウコウ
あさっぴー,アサッピー
あさつき,アサツキ
あさつゆ,アサツユ
あさづきかなみ,アサヅキカナミ
あさづけ,アサヅケ
あさでん,アサデン
あさなぎりん,アサナギリン
あさの,アサノ
あさのあつこ,アサノアツコ
あさのまさひこ,アサノマサヒコ
あさのますみ,アサノマスミ
あさのゆきこ,アサノユキコ
あさのりじ,アサノリジ
あさのハジメ,アサノハジメ
あさのバロック,アサノバロック
あさひ,アサヒ
あさひかわ新聞,アサヒカワシンブン
あさひかわ農業協同組合,アサヒカワノウギョウキョウドウクミアイ
あさひが丘の大統領,アサヒガオカノダイトウリョウ
あさひなぐ,アサヒナグ
あさひな栞,アサヒナシオリ
あさひな湖,アサヒナコ
あさひな湖畔公園,アサヒナコハンコウエン
あさひな農業協同組合,アサヒナノウギョウキョウドウクミアイ
あさひのぼる,アサヒノボル
あさひるばん,アサヒルバン
あさひアセットマネジメント,アサヒアセットマネジメント
あさひグランド花月,アサヒグランドカゲツ
あさひチェリーバス,アサヒチェリーバス
あさひテレビ,アサヒテレビ
あさひプライムスキー場,アサヒプライムスキージョウ
あさひ型護衛艦,アサヒガタゴエイカン
あさひ法律事務所,アサヒホウリツジムショ
あさひ瑞穂,アサヒミズホ
あさひ総合病院,アサヒソウゴウビョウイン
あさひ美容外科,アサヒビヨウゲカ
あさひ製菓,アサヒセイカ
あさひ野,アサヒノ
あさひ銀行,アサヒギンコウ
あさぽん,アサポン
あさま号,アサマゴウ
あさま山荘,アサマサンソウ
あさま山荘事件,アサマサンソウジケン
あさみ,アサミ
あさみあきお,アサミアキオ
あさみちゆき,アサミチユキ
あさみほとり,アサミホトリ
あさみん,アサミン
あさみ順子,アサミジュンコ
あさむらまほり,アサムラマホリ
あさやホテル,アサヤホテル
あさゆき,アサユキ
あさり,アサリ
あさりちゃん,アサリチャン
あさりど,アサリド
あさりよしとお,アサリヨシトオ
あさり・かつお,アサリカツオ
あさをゆうじ,アサヲユウジ
あさイチ,アサイチ
あさカブ,アサカブ
あさチャン,アサチャン
あさナビ,アサナビ
あさパラ,アサパラ
あさラジ,アサラジ
あさラテ,アサラテ
あさ・ひる・よる,アサヒルヨル
あさ出版,アサシュッパン
あさ天サタデー,アサテンサタデー
あさ天サンデー,アサテンサンデー
あさ子,アサコ
あさ美,アサミ
あさ開,アサビラキ
あざ,アザ
あざの耕平,アザノコウヘイ
あざみ,アザミ
あざみ号,アザミゴウ
あざみ野,アザミノ
あざみ野南,アザミノミナミ
あざみ野駅,アザミノエキ
あざやか,アザヤカ
あざやかな場面,アザヤカナバメン
あざら,アザラ
あざらし,アザラシ
あざれあ,アザレア
あざ丸,アザマル
あざ蓉子,アザヨウコ
あし,アシ
あしあと,アシアト
あしか,アシカ
あしかがひめたま,アシカガヒメタマ
あしかがハーヴェストプレース,アシカガハーヴェストプレース
あしかがフラワーパーク,アシカガフラワーパーク
あしかがフラワーパーク駅,アシカガフラワーパークエキ
あしか祭り,アシカマツリ
あしがら,アシガラ
あしぎぬ,アシギヌ
あしぎん,アシギン
あしぎんカード,アシギンカード
あしぎんフィナンシャルグループ,アシギンフィナンシャルグループ
あしずり,アシズリ
あしずりユースホステル,アシズリユースホステル
あした,アシタ
あしたからの恋,アシタカラノコイ
あしたがあるから,アシタガアルカラ
あしたこそ,アシタコソ
あしたてんきになあれ,アシタテンキニナアレ
あしたになあれ,アシタニナアレ
あしたに賭ける数え歌,アシタニカケルカゾエウタ
あしたのうた,アシタノウタ
あしたのうたプロジェクト,アシタノウタプロジェクト
あしたのきのう,アシタノキノウ
あしたのガンダム,アシタノガンダム
あしたのコンパス,アシタノコンパス
あしたのジョー,アシタノジョー
あしたのナオコちゃん,アシタノナオコチャン
あしたのニュース,アシタノニュース
あしたのハーモニー,アシタノハーモニー
あしたのパスタはアルデンテ,アシタノパスタハアルデンテ
あしたのファミリア,アシタノファミリア
あしたの今日子さん,アシタノキョウコサン
あしたの勇者たち,アシタノイレブンタチ
あしたの私のつくり方,アシタノワタシノツクリカタ
あしたの空,アシタノソラ
あしたの虹,アシタノニジ
あしたの雪之丞,アシタノユキノジョウ
あしたの風,アシタノカゼ
あしたの風とひとつになって,アシタノカゼトヒトツニナッテ
あしたは晴れますように,アシタハハレマスヨウニ
あしたは晴れる,アシタハハレル
あしたは最高のはじまり,アシタハサイコウノハジマリ
あしたへジャンプ,アシタヘジャンプ
あしたへフリーキック,アシタヘフリーキック
あしたま,アシタマ
あしたまにあーな,アシタマニアーナ
あしたもげんきくん,アシタモゲンキクン
あしたもともだち,アシタモトモダチ
あしたも・ともだち,アシタモトモダチ
あしたも小雨,アシタモコサメ
あした会おうね,アシタアオウネ
あした出逢った少女,アシタデアッタショウジョ
あした吹く風,アシタフクカゼ
あした地球がこなごなになっても,アシタチキュウガコナゴナニナッテモ
あした天気に,アシタテンキニ
あした天気にしておくれ,アシタテンキニシテオクレ
あした天気になあれ,アシタテンキニナアレ
あした天気になれ,アシタテンキニナレ
あした家族になあれ,アシタカゾクニナアレ
あした幸福,アシタシアワセ
あした発見,アシタハッケン
あした青空,アシタアオゾラ
あした順子・ひろし,アシタジュンコヒロシ
あしだかおる,アシダカオル
あしなが,アシナガ
あしながおじさん,アシナガオジサン
あしなが学生募金,アシナガガクセイボキン
あしなが育英会,アシナガイクエイカイ
あしび,アシビ
あしびきの山の雫に,アシビキノヤマノシズクニ
あしびなー,アシビナー
あしへん,アシヘン
あしべゆうほ,アシベユウホ
あしやんいか,アシヤンイカ
あしや人形感謝祭,アシヤニンギョウカンシャサイ
あしゅら,アシュラ
あし原町,アシハラチョウ
あし川彦国,アシカワヒコクニ
あじ,アジ
あじあ号,アジアゴウ
あじかん,アジカン
あじさい,アジサイ
あじさいのうた,アジサイノウタ
あじさいの唄,アジサイノウタ
あじさいの里,アジサイノサト
あじさい寺,アジサイデラ
あじさい橋,アジサイバシ
あじさい看護福祉専門学校,アジサイカンゴフクシセンモンガッコウ
あじさい茶屋,アジサイチャヤ
あじさい革命,アジサイカクメイ
あじす・あべば,アジスアベバ
あじのある旅,アジノアルタビ
あじへい,アジヘイ
あじまる,アジマル
あじまん,アジマン
あじゃ,アジャ
あじゃり,アジャリ
あじわい,アジワイ
あじ秋刀魚,アジサンマ
あす,アス
あすか,アスカ
あすかあきお,アスカアキオ
あすかともゆき,アスカトモユキ
あすかは幼馴染み,アスカハオサナナジミ
あすかみみ,アスカミミ
あすかりの,アスカリノ
あすかコミックス,アスカコミックス
あすかホール,アスカホール
あすかロードユースホステル,アスカロードユースホステル
あすか交通,アスカコウツウ
あすか伊央,アスカイオ
あすか信用組合,アスカシンヨウクミアイ
あすか基地,アスカキチ
あすか正太,アスカショウタ
あすか組,アスカクミ
あすか製薬,アスカセイヤク
あすけ里山ユースホステル,アスケサトヤマユースホステル
あすたむらんど,アスタムランド
あすたむらんど徳島,アスタムランドトクシマ
あすという日が,アストイウヒガ
あすとぴあ,アストピア
あすと長町,アストナガマチ
あすなひろし,アスナヒロシ
あすなろ,アスナロ
あすなろう,アスナロウ
あすなろう四日市駅,アスナロウヨッカイチエキ
あすなろの詩,アスナロノウタ
あすなろ三三七拍子,アスナロサンサンナナビョウシ
あすなろ信用組合,アスナロシンヨウクミアイ
あすなろ号,アスナロゴウ
あすなろ書房,アスナロショボウ
あすなろ杯争奪リーグ戦,アスナロハイソウダツリーグセン
あすなろ物語,アスナロモノガタリ
あすなろ白書,アスナロハクショ
あすなろ賞,アスナロショウ
あすのそら色,アスノソライロ
あすの世界と日本,アスノセカイトニッポン
あすの会,アスノカイ
あすの市民,アスノシミン
あすへの記録,アスヘノキロク
あすみ,アスミ
あすみが丘,アスミガオカ
あすをひらく,アスヲヒラク
あすを読む,アスヲヨム
あずあず,アズアズ
あずき,アズキ
あずきさん,アズキサン
あずきちゃん,アズキチャン
あずきバー,アズキバー
あずきミュージアム,アズキミュージアム
あずき紅,アズキクレナイ
あずさ,アズサ
あずさの元禄繁昌記,アズサノゲンロクハンジョウキ
あずさの男性構造学,アズサノダンセイコウゾウガク
あずさ回数券,アズサカイスウケン
あずさ書店,アズサショテン
あずさ欣平,アズサキンペイ
あずさ監査法人,アズサカンサホウジン
あずさ第一高等学校,アズサダイイチコウトウガッコウ
あずにゃん,アズニャン
あずま,アズマ
あずまあや,アズマアヤ
あずまいトンネル,アズマイトンネル
あずまきよひこ,アズマキヨヒコ
あずまずし,アズマズシ
あずままどか,アズママドカ
あずまや,アズマヤ
あずまゆき,アズマユキ
あずまよしお,アズマヨシオ
あずまん,アズマン
あずまんが,アズマンガ
あずまんが大王,アズマンガダイオウ
あずまボウル,アズマボウル
あずま中学校,アズマチュウガッコウ
あずま勇輝,アズマユウキ
あずま北小学校,アズマキタショウガッコウ
あずま樹,アズマイツキ
あずみ,アズミ
あずみマンマ・ミーア,アズミマンマミーア
あずみ恋,アズミレン
あずみ椋,アズミリョウ
あずみ野観光バス,アズミノカンコウバス
あず希,アズキ
あせび,アセビ
あせび公園,アセビコウエン
あせも,アセモ
あぜ,アゼ
あぜ道のダンディ,アゼミチノダンディ
あそあそ自然学校,アソアソシゼンガッコウ
あそう号,アソウゴウ
あそか,アソカ
あそこ,アソコ
あそこの処方箋,アソコノショホウセン
あそこの席,アソコノセキ
あそどっぐ,アソドッグ
あそびあそばせ,アソビアソバセ
あそびごころん,アソビゴコロン
あそびじゃないの,アソビジャナイノ
あそぶつり,アソブツリ
あそぼう,アソボウ
あそぼうよ,アソボウヨ
あそまる,アソマル
あそむび,アソムビ
あそラキプラス,アソラキプラス
あそ型巡視船,アソガタジュンシセン
あたい,アタイ
あたいの夏休み,アタイノナツヤスミ
あたかもコイバナの如く,アタカモコイバナノゴトク
あたか誠,アタカマコト
あたご,アタゴ
あたご劇場,アタゴゲキジョウ
あたご型,アタゴガタ
あたご型護衛艦,アタゴガタゴエイカン
あたし,アタシ
あたしか,アタシカ
あたしの心臓あげる,アタシノシンゾウアゲル
あたしはバンビ,アタシハバンビ
あたしンち,アタシンチ
あたし天使あなた悪魔,アタシテンシアナタアクマ
あただ型掃海艇,アタダガタソウカイテイ
あたまがふくしまちゃん,アタマガフクシマチャン
あたまわる,アタマワル
あたま山,アタマヤマ
あたらしいうた,アタラシイウタ
あたらしい世界,アタラシイセカイ
あたらしい季節へ,アタラシイキセツヘ
あたらしい憲法のはなし,アタラシイケンポウノハナシ
あたらしい朝,アタラシイアサ
あたらしかずよ,アタラシカズヨ
あたり,アタリ
あたりとしお,アタリトシオ
あたりまえの映画,アタリマエノエイガ
あたりまえ体操,アタリマエタイソウ
あたりめ,アタリメ
あたりや,アタリヤ
あたり,アタリ
前,マエ
あたり前田のクラッカー,アタリマエダノクラッカー
あたり屋,アタリヤ
あたん,アタン
あだ,アダ
あだしの念仏寺,アダシノネンブツジ
あだしもの,アダシモノ
あだたら号,アダタラゴウ
あだたら高原スキー場,アダタラコウゲンスキージョウ
あだちあさみ,アダチアサミ
あだちつよし,アダチツヨシ
あだちとか,アダチトカ
あだちなみ,アダチナミ
あだち充,アダチミツル
あだち勉,アダチツトム
あだち理絵子,アダチリエコ
あだち野農業協同組合,アダチノノウギョウキョウドウクミアイ
あだ名,アダナ
あちゃみん,アチャミン
あちゃん,アチャン
あっかんべぇだぁ,アッカンベェダァ
あっかんべェ一休,アッカンベェイッキュウ
あっきう,アッキウ
あっきゃん,アッキャン
あっくん,アックン
あっけにとられた時のうた,アッケニトラレタトキノウタ
あっし,アッシ
あっせん,アッセン
あったゆういち,アッタユウイチ
あったらいいなぁ,アッタライイナァ
あったらコワイセレナーデ,アッタラコワイセレナーデ
あっち,アッチ
あっちこっち,アッチコッチ
あっちこっちたまごっちタウン,アッチコッチタマゴッチタウン
あっちこっちのディスコグラフィ,アッチコッチノディスコグラフィ
あっちこっちマッチ,アッチコッチマッチ
あっちこっち丁稚,アッチコッチデッチ
あっちでこっちで,アッチデコッチデ
あっちの目こっちの目,アッチノメコッチノメ
あっちゃべら,アッチャベラ
あっちマニア,アッチマニア
あっち向いてホイ,アッチムイテホイ
あっとぐみ,アットグミ
あっとほーむ,アットホーム
あっとニューヨーク,アットニューヨーク
あっぱ,アッパ
あっぱれ,アッパレ
あっぱれさんま大先生,アッパレサンマダイセンセイ
あっぱれコイズミ,アッパレコイズミ
あっぱれサン,アッパレサン
あっぱれ大将軍,アッパレダイショウグン
あっぷりけ,アップリケ
あっぷる,アップル
あっぷるぐりむ,アップルグリム
あっぷるアイビー,アップルアイビー
あっぷるワイド,アップルワイド
あっぷる学園応援部,アップルガクエンオウエンブ
あっぽっしゃ,アッポッシャ
あつあつ,アツアツ
あつぎ鮎まつり,アツギアユマツリ
あつこ,アツコ
あつせ,アツセ
あつべえ,アツベエ
あつまれじゃんけんぽん,アツマレジャンケンポン
あつまバス,アツマバス
あつみ,アツミ
あつみトンネル,アツミトンネル
あつみ型輸送艦,アツミガタユソウカン
あつみ温泉,アツミオンセン
あつみ温泉インターチェンジ,アツミオンセンインターチェンジ
あつみ温泉駅,アツミオンセンエキ
あつむトイタウン,アツムトイタウン
あつめし,アツメシ
あつもり,アツモリ
あづき美由,アヅキミユ
あづさ,アヅサ
あづち涼,アヅチリョウ
あづま,アヅマ
あづまゆき,アヅマユキ
あづま交通,アヅマコウツウ
あづま橋,アヅマバシ
あづま笙子,アヅマショウコ
あづま総合運動公園,アヅマソウゴウウンドウコウエン
あづま陸橋,アヅマリッキョウ
あづま食品,アヅマショクヒン
あづみ,アヅミ
あづみれいか,アヅミレイカ
あづみ冬留,アヅミトオル
あづみ農業協同組合,アヅミノウギョウキョウドウクミアイ
あて,アテ
あててんのよ,アテテンノヨ
あてにげ,アテニゲ
あてゅ・わぁくす,アテュワァクス
あて逃げ,アテニゲ
あでいいんざらいふ,アデイインザライフ
あと,アト
あとかたもなく,アトカタモナク
あとのまつり,アトノマツリ
あとは寝るだけ,アトハネルダケ
あとひとつ,アトヒトツ
あとみっく文庫,アトミックブンコ
あとり硅子,アトリケイコ
あど,アド
あどばるーん,アドバルーン
あどりぶ,アドリブ
あどりぶシネ倶楽部,アドリブシネクラブ
あどりぶランド,アドリブランド
あな,アナ
あなかんむり,アナカンムリ
あなご,アナゴ
あなご飯,アナゴメシ
あなしん,アナシン
あなた,アナタ
あなたかもしれない,アナタカモシレナイ
あなたがいたから僕がいた,アナタガイタカラボクガイタ
あなたがいた森,アナタガイタモリ
あなたがいてくれたから,アナタガイテクレタカラ
あなたがいてわたくしがいて,アナタガイテワタクシガイテ
あなたがいなければ祖国もない,アナタガイナケレバソコクモナイ
あなたがいるから,アナタガイルカラ
あなたがいるなら,アナタガイルナラ
あなたがいれば,アナタガイレバ
あなたがえらぶチャレンジショー,アナタガエラブチャレンジショー
あなたがここにいたら,アナタガココニイタラ
あなたがここにいてほしい,アナタガココニイテホシイ
あなたがここにいる理由,アナタガココニイルリユウ
あなたがすべて,アナタガスベテ
あなたが世界一,アナタガセカイイチ
あなたが僕を捜す時,アナタガボクヲサガストキ
あなたが出会った昭和の名曲,アナタガデアッタショウワノメイキョク
あなたが好きです,アナタガスキデス
あなたが寝てる間に,アナタガネテルマニ
あなたが待ってる,アナタガマッテル
あなたが振り返るとき,アナタガフリカエルトキ
あなたが欲しい,アナタガホシイ
あなたが泣くことはない,アナタガナクコトハナイ
あなたが選ぶスター紅白歌合戦,アナタガエラブスターコウハクウタガッセン
あなたしかいないでしょ,アナタシカイナイデショ
あなたしかいらない,アナタシカイラナイ
あなただけが,アナタダケガ
あなただけでいい,アナタダケデイイ
あなただけを,アナタダケヲ
あなただけ今晩は,アナタダケコンバンハ
あなただけ見えない,アナタダケミエナイ
あなただけ見つめてる,アナタダケミツメテル
あなたと,アナタト
あなたとよしえ,アナタトヨシエ
あなたとエアロビック,アナタトエアロビック
あなたとジュリー,アナタトジュリー
あなたとスキャンダル,アナタトスキャンダル
あなたと中京テレビ,アナタトチュウキョウテレビ
あなたと夜と音楽と,アナタトヨルトオンガクト
あなたと広テレ,アナタトヒロテレ
あなたと愛のために,アナタトアイノタメニ
あなたと握手,アナタトアクシュ
あなたと日テレ,アナタトニッテレ
あなたと歌おう,アナタトウタオウ
あなたと私,アナタトワタシ
あなたなしでは生きてゆけない,アナタナシデハイキテユケナイ
あなたならどうする,アナタナラドウスル
あなたに,アナタニ
あなたにあげる,アナタニアゲル
あなたにありがとう,アナタニアリガトウ
あなたにしかできないこと,アナタニシカデキナイコト
あなたになら言える秘密のこと,アナタニナライエルヒミツノコト
あなたには負けない,アナタニハマケナイ
あなたにオンタイム,アナタニオンタイム
あなたにハッピー・メロディ,アナタニハッピーメロディ
あなたにムチュー,アナタニムチュー
あなたに会いたくて,アナタニアイタクテ
あなたに会えてよかった,アナタニアエテヨカッタ
あなたに伝えたい,アナタニツタエタイ
あなたに夢中,アナタニムチュウ
あなたに好きと言われたい,アナタニスキトイワレタイ
あなたに届けたい,アナタニトドケタイ
あなたに恋する恋愛ルセット,アナタニコイスルレンアイルセット
あなたに恋をしてみました,アナタニコイヲシテミマシタ
あなたに繋がれたい,アナタニツナガレタイ
あなたに花を捧げましょう,アナタニハナヲササゲマショウ
あなたに贈る愛の歌,アナタニオクルアイノウタ
あなたのいない休日,アナタノイナイキュウジツ
あなたのかけら,アナタノカケラ
あなたのことしか考えられない,アナタノコトシカカンガエラレナイ
あなたのことはそれほど,アナタノコトハソレホド
あなたのすべて,アナタノスベテ
あなたのそばで,アナタノソバデ
あなたのそばに,アナタノソバニ
あなたのために,アナタノタメニ
あなたのとりこ,アナタノトリコ
あなたのやさしさをオレは何に例えよう,アナタノヤサシサヲオレハナニニタトエヨウ
あなたのように,アナタノヨウニ
あなたのアンコール,アナタノアンコール
あなたのオモチャ,アナタノオモチャ
あなたのジュークボックス,アナタノジュークボックス
あなたのブルース,アナタノブルース
あなたのメロディー,アナタノメロディー
あなたのワイドショー,アナタノワイドショー
あなたの世代へくちづけを,アナタノセダイヘクチヅケヲ
あなたの人生お運びします,アナタノジンセイオハコビシマス
あなたの人生の物語,アナタノジンセイノモノガタリ
あなたの味方,アナタノミカタ
あなたの四騎姫教導譚,アナタノシキヒメキョウドウタン
あなたの好きなところ,アナタノスキナトコロ
あなたの幸せが私の幸せ,アナタノシアワセガワタシノシアワセ
あなたの心に,アナタノココロニ
あなたの歌謡リクエスト,アナタノカヨウリクエスト
あなたの知らない世界,アナタノシラナイセカイ
あなたの知るかもしれない世界,アナタノシルカモシレナイセカイ
あなたの空を翔びたい,アナタノソラヲトビタイ
あなたの笑顔は世界で一番美しい,アナタノエガオハセカイデイチバンウツクシイ
あなたの街から,アナタノマチカラ
あなたの街で夢コンサート,アナタノマチデユメコンサート
あなたの街で逢いましょう,アナタノマチデアイマショウ
あなたの街に住みますプロジェクト,アナタノマチニスミマスプロジェクト
あなたの隣に誰かいる,アナタノトナリニダレカイル
あなたはひどいです,アナタハヒドイデス
あなたは星,アナタハホシ
あなたは知らない,アナタハシラナイ
あなたは私の婿になる,アナタハワタシノムコニナル
あなたへ,アナタヘ
あなたへの愛,アナタヘノアイ
あなたへモーニングコール,アナタヘモーニングコール
あなたもこれから山ガール,アナタモコレカラヤマガール
あなたもアーティスト,アナタモアーティスト
あなたもスターになりますか,アナタモスターニナリマスカ
あなたをずっとあいしてる,アナタヲズットアイシテル
あなたをもっと知りたくて,アナタヲモットシリタクテ
あなたを・もっと・知りたくて,アナタヲモットシリタクテ
あなたを忘れていけるように,アナタヲワスレテイケルヨウニ
あなたを忘れない,アナタヲワスレナイ
あなたを想うほど,アナタヲオモウホド
あなたを愛したい,アナタヲアイシタイ
あなたを感じていたい,アナタヲカンジテイタイ
あなたを抱きしめる日まで,アナタヲダキシメルヒマデ
あなたを知りたい,アナタヲシリタイ
あなたを見つめて,アナタヲミツメテ
あなた色,アナタイロ
あなた色のマノン,アナタイロノマノン
あなた説明できますか,アナタセツメイデキマスカ
あなだもあ,アナダモア
あななん,アナナン
あなぶきんちゃん,アナブキンチャン
あなぶき興産,アナブキコウサン
あなぽん,アナポン
あなろぐ,アナログ
あな金,アナキン
あにいもうと,アニイモウト
あにき,アニキ
あにけん,アニケン
あにてれ,アニテレ
あにま,アニマ
あにまどーる,アニマドール
あにまにあ,アニマニア
あにまるパラダイス,アニマルパラダイス
あにめ,アニメ
あにめのめ,アニメノメ
あにゃまる探偵キルミンずぅ,アニャマルタンテイキルミンズゥ
あによめ,アニヨメ
あにスタ,アニスタ
あねいも,アネイモ
あねかえし,アネカエシ
あねぐるみ,アネグルミ
あねけん,アネケン
あねちっくセンセーション,アネチックセンセーション
あねっこバス,アネッコバス
あねっ娘,アネッコ
あねどきっ,アネドキッ
あねコミ,アネコミ
あのあるる,アノアルル
あのうた,アノウタ
あのこ,アノコ
あのこにもらった音楽,アノコニモラッタオンガク
あのころ,アノコロ
あのさぁ,アノサァ
あのさよならにさよならを,アノサヨナラニサヨナラヲ
あのねのね,アノネノネ
あのねのねのオールナイトニッポン,アノネノネノオールナイトニッポン
あのはな,アノハナ
あのりふぐ,アノリフグ
あのコと一緒,アノコトイッショ
あのニュースで得する人損する人,アノニュースデトクスルヒトソンスルヒト
あの世,アノヨ
あの世一武道会,アノヨイチブドウカイ
あの丘を目指して,アノオカヲメザシテ
あの人この歌ああ人生,アノヒトコノウタアアジンセイ
あの人にもう一度,アノヒトニモウイチド
あの人に会いたい,アノヒトニアイタイ
あの人に逢ったら,アノヒトニアッタラ
あの人のトランペット,アノヒトノトランペット
あの人は今,アノヒトハイマ
あの唄はもう唄わないのですか,アノウタハモウウタワナイノデスカ
あの場所から,アノバショカラ
あの夏が聴こえてくる,アノナツガキコエテクル
あの夏で待ってる,アノナツデマッテル
あの夏に戻りたい,アノナツニモドリタイ
あの夏に抱かれたい,アノナツニダカレタイ
あの夏のバイク,アノナツノバイク
あの夏の日,アノナツノヒ
あの夏を探して,アノナツヲサガシテ
あの子の夢,アノコノユメ
あの手この手,アノテコノテ
あの旗を撃て,アノハタヲウテ
あの日,アノヒ
あの日あの時,アノヒアノトキ
あの日にかえりたい,アノヒニカエリタイ
あの日に帰りたい,アノヒニカエリタイ
あの日のままで,アノヒノママデ
あの日のように抱きしめて,アノヒノヨウニダキシメテ
あの日の僕をさがして,アノヒノボクヲサガシテ
あの日の夢を花たばにして,アノヒノユメヲハナタバニシテ
あの日の指輪を待つきみへ,アノヒノユビワヲマツキミヘ
あの日の約束,アノヒノヤクソク
あの日は雨,アノヒハアメ
あの日を乗り越えて,アノヒヲノリコエテ
あの日薔薇一輪,アノヒバライチリン
あの日見た花の名前を僕達はまだ知らない,アノヒミタハナノナマエヲボクタチハマダシラナイ
あの時の中で僕らは,アノトキノナカデボクラハ
あの時キミは,アノトキキミハ
あの時君は若かった,アノトキキミハワカカッタ
あの晴れわたる空より高く,アノハレワタルソラヨリタカク
あの楽器,アノガッキ
あの歌がきこえる,アノウタガキコエル
あの町この町,アノマチコノマチ
あの町この町評判家族,アノマチコノマチヒョウバンカゾク
あの空をおぼえてる,アノソラヲオボエテル
あの空をもう一度,アノソラヲモウイチド
あの素晴らしい愛をもう一度,アノスバラシイアイヲモウイチド
あの花,アノハナ
あの花のように,アノハナノヨウニ
あの蒼い海より,アノアオイウミヨリ
あの輝いた季節,アノカガヤイタキセツ
あの透明感と少年,アノトウメイカントショウネン
あの鐘を鳴らすのはあなた,アノカネヲナラスノハアナタ
あの青をこえて,アノアオヲコエテ
あの頃にとどけ,アノコロニトドケ
あの頃の誰か,アノコロノダレカ
あの頃へ,アノコロヘ
あの頃ペニーレインと,アノコロペニーレイント
あの頃ペニー・レインと,アノコロペニーレイント
あの頃僕らは,アノコロボクラハ
あはは,アハハ
あはれ,アハレ
あばしり一家,アバシリイッカ
あばしり湖,アバシリコ
あばずれ,アバズレ
あばた,アバタ
あばたもえくぼ,アバタモエクボ
あばばばば,アババババ
あばよ,アバヨ
あばよ白書,アバヨハクショ
あばら骨,アバラボネ
あばれ,アバレ
あばれはっちゃく,アバレハッチャク
あばれる君,アバレルクン
あばれヌンチャク,アバレヌンチャク
あばれブン屋,アバレブンヤ
あばれ八州御用旅,アバレハッシュウゴヨウタビ
あばれ医者嵐山,アバレイシャランザン
あばれ太鼓,アバレダイコ
あばれ花組,アバレハナグミ
あぱれる,アパレル
あひる,アヒル
あひるのジマイマのおはなし,アヒルノジマイマノオハナシ
あひるの学校,アヒルノガッコウ
あひるの王子さま,アヒルノオウジサマ
あひるの空,アヒルノソラ
あひるウイルス性腸炎,アヒルウイルスセイチョウエン
あひる肝炎,アヒルカンエン
あひる艦隊,アヒルカンタイ
あび,アビ
あびき,アビキ
あびこ,アビコ
あびこ筋,アビコスジ
あびこ観音,アビコカンノン
あびこ駅,アビコエキ
あびゅうきょ,アビュウキョ
あびらチャンネル,アビラチャンネル
あびる優,アビルユウ
あふがにすタン,アフガニスタン
あふひ,アフヒ
あふりらんぽ,アフリランポ
あふれ,アフレ
あふれる熱い涙,アフレルアツイナミダ
あぶく,アブク
あぶくま,アブクマ
あぶくま信用金庫,アブクマシンヨウキンコ
あぶくま号,アブクマゴウ
あぶくま型護衛艦,アブクマガタゴエイカン
あぶくま洞,アブクマドウ
あぶくま親水公園,アブクマシンスイコウエン
あぶくま駅,アブクマエキ
あぶくま高原道路,アブクマコウゲンドウロ
あぶさん,アブサン
あぶってかも,アブッテカモ
あぶないティーチャーシリーズ,アブナイティーチャーシリーズ
あぶない交遊録,アブナイコウユウロク
あぶない刑事,アブナイデカ
あぶない刑事フォーエヴァー,アブナイデカフォーエヴァー
あぶない刑事リターンズ,アブナイデカリターンズ
あぶない女たち,アブナイオンナタチ
あぶない少年,アブナイショウネン
あぶない放課後,アブナイホウカゴ
あぶない話,アブナイハナシ
あぶらげんしん,アブラゲンシン
あぶらだこ,アブラダコ
あぶらとり紙,アブラトリガミ
あぶら菜,アブラナ
あぶり出し,アブリダシ
あぶり焼き,アブリヤキ
あぶり餅,アブリモチ
あぶれもん,アブレモン
あぷろだ,アプロダ
あぷろーち,アプローチ
あへん法,アヘンホウ
あべかすみ,アベカスミ
あべかつのり,アベカツノリ
あべかわ餅,アベカワモチ
あべけん太,アベケンタ
あべこ,アベコ
あべこうじ,アベコウジ
あべこうじのポッドキャスト番長,アベコウジノポッドキャストバンチョウ
あべこべ,アベコベ
あべさより,アベサヨリ
あべし,アベシ
あべそういち,アベソウイチ
あべちか,アベチカ
あべつくも,アベツクモ
あべなぎさ,アベナギサ
あべにゅうぷろじぇくと,アベニュウプロジェクト
あべの,アベノ
あべのアポロ,アベノアポロ
あべのキューズタウン,アベノキューズタウン
あべのハルカス,アベノハルカス
あべのベルタ,アベノベルタ
あべのルシアス,アベノルシアス
あべの橋,アベノバシ
あべの筋,アベノスジ
あべの翔学高等学校,アベノショウガクコウトウガッコウ
あべぴょん,アベピョン
あべま,アベマ
あべまき,アベマキ
あべみかこ,アベミカコ
あべみずほ,アベミズホ
あべみほ,アベミホ
あべやすみ,アベヤスミ
あべゆうき,アベユウキ
あべゆうじ,アベユウジ
あべゆりこ,アベユリコ
あべりょう,アベリョウ
あべるみ,アベルミ
あべ・とおる,アベトオル
あべ俊子,アベトシコ
あべ十全,アベジュウゼン
あべ尚乙美,アベナオミ
あべ弘士,アベヒロシ
あべ由紀子,アベユキコ
あべ美佳,アベミカ
あべ美幸,アベミユキ
あべ静江,アベシズエ
あほ,アホ
あほうどりのちかくで,アホウドリノチカクデ
あほすき,アホスキ
あほの坂田,アホノサカタ
あほやねんすきやねん,アホヤネンスキヤネン
あほ毛,アホゲ
あぼしまこ,アボシマコ
あぼばクリニック,アボバクリニック
あぽ,アポ
あぽやん,アポヤン
あま,アマ
あまあね,アマアネ
あまい囁き,アマイササヤキ
あまい恋のビンづめ,アマイコイノビンヅメ
あまい果実,アマイカジツ
あまうい白一,アマウイシロイチ
あまえないでよっ,アマエナイデヨッ
あまおう,アマオウ
あまからアベニュー,アマカラアベニュー
あまから問答,アマカラモンドウ
あまから太閤記,アマカラタイコウキ
あまから家族,アマカラカゾク
あまがさきキューズモール,アマガサキキューズモール
あまがし,アマガシ
あまぎ,アマギ
あまぎモデリングイデア,アマギモデリングイデア
あまくらぶ,アマクラブ
あまく危険な香り,アマクキケンナカオリ
あまぐ,アマグ
あまざらし,アマザラシ
あましん,アマシン
あまたつ,アマタツ
あまたらすリドルスター,アマタラスリドルスター
あまだ,アマダ
あまちゃん,アマチャン
あまちゃんスペシャルビッグバンド,アマチャンスペシャルビッグバンド
あまっちょろいラブソング,アマッチョロイラブソング
あまつかぜ型,アマツカゼガタ
あまつき,アマツキ
あまてるこ,アマテルコ
あまとう,アマトウ
あまとくん,アマトクン
あまとりあ社,アマトリアシャ
あまなつ,アマナツ
あまねそう,アマネソウ
あまねなのは,アマネナノハ
あまの,アマノ
あまのあめの,アマノアメノ
あまのがみだい,アマノガミダイ
あまのがわ,アマノガワ
あまのしん,アマノシン
あまのじゃく,アマノジャク
あまのまい,アマノマイ
あまのみちこ,アマノミチコ
あまの晴奈,アマノハルナ
あまばん,アマバン
あまみ,アマミ
あまみず,アマミズ
あまみエフエム,アマミエフエム
あまみユースホステル,アマミユースホステル
あまみ型巡視船,アマミガタジュンシセン
あまみ農業協同組合,アマミノウギョウキョウドウクミアイ
あまめはぎ,アマメハギ
あまや,アマヤ
あまやどり,アマヤドリ
あまやゆうき,アマヤユウキ
あまや駅,アマヤエキ
あまゆーず,アマユーズ
あまんきみこ,アマンキミコ
あまんじゃく,アマンジャク
あまんちゅ,アマンチュ
あまカラ夫婦,アマカラフウフ
あまガミ,アマガミ
あま市,アマシ
あま市七宝焼アートヴィレッジ,アマシシッポウヤキアートヴィレッジ
あま市巡回バス,アマシジュンカイバス
あま市民病院,アマシミンビョウイン
あま市甚目寺公民館,アマシジモクジコウミンカン
あま市甚目寺総合体育館,アマシジモクジソウゴウタイイクカン
あま市立正則小学校,アマシリツマサノリショウガッコウ
あま市立甚目寺中学校,アマシリツジモクジチュウガッコウ
あま市立甚目寺南中学校,アマシリツジモクジミナミチュウガッコウ
あま市立甚目寺小学校,アマシリツジモクジショウガッコウ
あま市立甚目寺東小学校,アマシリツジモクジヒガシショウガッコウ
あま市美和文化会館,アマシミワブンカカイカン
あま市議会,アマシギカイ
あま福,アマフク
あま酒,アマザケ
あみ,アミ
あみあみ,アミアミ
あみぐるみ,アミグルミ
あみじゃかん,アミジャカン
あみすけ,アミスケ
あみたん娘,アミタンムスメ
あみだ,アミダ
あみだくじ,アミダクジ
あみだ池,アミダイケ
あみだ池大黒,アミダイケダイコク
あみだ池筋,アミダイケスジ
あみっけ,アミッケ
あみにぃ,アミニィ
あみみ,アミミ
あみやき亭,アミヤキテイ
あみやまさはる,アミヤマサハル
あみるのママで,アミルノママデ
あみん,アミン
あみプレミアム・アウトレット,アミプレミアムアウトレット
あむはうす,アムハウス
あむ・はうす,アムハウス
あめ,アメ
あめかんむり,アメカンムリ
あめくみちこ,アメクミチコ
あめぞう,アメゾウ
あめぞう仮,アメゾウカリ
あめつち,アメツチ
あめつちの歌,アメツチノウタ
あめつちの詞,アメツチノコトバ
あめとゆき,アメトユキ
あめのちはれ,アメノチハレ
あめふり,アメフリ
あめふりくまのこ,アメフリクマノコ
あめみやともこ,アメミヤトモコ
あめりか祭,アメリカサイ
あめんぼ,アメンボ
あもい潤,アモイジュン
あもんでろ,アモンデロ
あや,アヤ
あやかし,アヤカシ
あやかしがたり,アヤカシガタリ
あやかしごはん,アヤカシゴハン
あやかしの城,アヤカシノシロ
あやかしびと,アヤカシビト
あやかし天馬,アヤカシテンマ
あやかし忍伝くの一番,アヤカシニンデンクノイチバン
あやかし怪盗,アヤカシカイトウ
あやかし恋絵巻,アヤカシコイエマキ
あやかし緋扇,アヤカシヒセン
あやかし陰陽録,アヤカシオンミョウロク
あやかわりく,アヤカワリク
あやきいく,アヤキイク
あやこ,アヤコ
あやしいわーるど,アヤシイワールド
あやしいわーるどメイソ掲示板,アヤシイワールドメイソケイジバン
あやしい夜をまって,アヤシイヨルヲマッテ
あやしい彼女,アヤシイカノジョ
あやせめる,アヤセメル
あやせりお,アヤセリオ
あやせ理子,アヤセリコ
あやち,アヤチ
あやちー,アヤチー
あやっぺ,アヤッペ
あやつり,アヤツリ
あやつり人形,アヤツリニンギョウ
あやつるぽん,アヤツルポン
あやとり,アヤトリ
あやとり橋,アヤトリハシ
あやな,アヤナ
あやなみ型護衛艦,アヤナミガタゴエイカン
あやね,アヤネ
あやねる,アヤネル
あやね遥菜,アヤネハルナ
あやの,アヤノ
あやの沙希,アヤノサキ
あやぱに,アヤパニ
あやべ市民バス,アヤベシミンバス
あやべ市民新聞,アヤベシミンシンブン
あやべ彫刻回廊,アヤベチョウコクカイロウ
あやべ温泉,アヤベオンセン
あやまち,アヤマチ
あやまんジェットコースター,アヤマンジェットコースター
あやまんジャパン,アヤマンジャパン
あやまん監督,アヤマンカントク
あやみ旬果,アヤミシュンカ
あやめ,アヤメ
あやめゆう,アヤメユウ
あやめ公園,アヤメコウエン
あやめ公園池,アヤメコウエンイケ
あやめ公園駅,アヤメコウエンエキ
あやめ台,アヤメダイ
あやめ幼稚園,アヤメヨウチエン
あやめ池,アヤメイケ
あやめ池神社,アヤメイケジンジャ
あやめ祭り,アヤメマツリ
あやめ美桜,アヤメミオ
あやや,アヤヤ
あややゴルフ,アヤヤゴルフ
あや取り,アヤトリ
あや子,アヤコ
あや秀夫,アヤヒデオ
あゆ,アユ
あゆあゆ,アユアユ
あゆか,アユカ
あゆかわ華,アユカワハナ
あゆは,アユハ
あゆべえ,アユベエ
あゆまゆ,アユマユ
あゆまゆ劇場,アユマユゲキジョウ
あゆみ,アユミ
あゆみが丘,アユミガオカ
あゆみくりかまき,アユミクリカマキ
あゆみちゃん物語,アユミチャンモノガタリ
あゆみの箱,アユミノハコ
あゆみゆい,アユミユイ
あゆみトラスト・グループ,アユミトラストグループ
あゆみ橋,アユミハシ
あゆみ翼,アユミツバサ
あゆみ野農業協同組合,アユミノノウギョウキョウドウクミアイ
あゆ子,アユコ
あゆ朱美,アユアケミ
あゆ美,アユミ
あらあらかしこ,アラアラカシコ
あらあら旅館,アラアラリョカン
あらいきよこ,アライキヨコ
あらいきよしの星空ベストテン,アライキヨシノホシゾラベストテン
あらいぐま,アライグマ
あらいぐまラスカル,アライグマラスカル
あらいけい,アライケイ
あらいしずか,アライシズカ
あらいすみれ,アライスミレ
あらいずみるい,アライズミルイ
あらいなおこ,アライナオコ
あらいりゅうじ,アライリュウジ
あらい浜風公園,アライハマカゼコウエン
あらい舞,アライマイ
あらえびす,アラエビス
あらおシティモール,アラオシティモール
あらかじめ決められた恋人たちへ,アラカジメキメラレタコイビトタチヘ
あらかわそおべい,アラカワソオベイ
あらかわ・そおべい,アラカワソオベイ
あらかわ遊園,アラカワユウエン
あらき,アラキ
あらきあきゆき,アラキアキユキ
あらきあきら,アラキアキラ
あらきかなお,アラキカナオ
あらきなおみ,アラキナオミ
あらきゆうこ,アラキユウコ
あらぎ島,アラギジマ
あらくれ,アラクレ
あらし,アラシ
あらしお,アラシオ
あらしのよるに,アラシノヨルニ
あらすじ,アラスジ
あらすじで楽しむ世界名作劇場,アラスジデタノシムセカイメイサクゲキジョウ
あらすじ本,アラスジボン
あらそい,アラソイ
あらた,アラタ
あらたえの湯,アラタエノユ
あらたにす,アラタニス
あらた伊里,アラタイリ
あらた監査法人,アラタカンサホウジン
あらた真琴,アラタマコト
あらなが輝,アラナガヒカル
あらぬか,アラヌカ
あらびき団,アラビキダン
あらぽん,アラポン
あらまり,アラマリ
あらみたま,アラミタマ
あらめ,アラメ
あらゆる形態の人種差別の撤廃に関する国際条約,アラユルケイタイノジンシュサベツノテッパイニカンスルコクサイジョ
あらゆる形態の人種差別の撤廃に関する宣言,アラユルケイタイノジンシュサベツノテッパイニカンスルセンゲン
あらら,アララ
あららぎ,アララギ
あららぎあゆね,アララギアユネ
あららぎ蒼史,アララギソウシ
あららぎ高原スキー場,アララギコウゲンスキージョウ
あられ,アラレ
あらゐけいいち,アラヰケイイチ
あら坊,アラボウ
あら川の桃,アラカワノモモ
あら汁,アラジル
あら町,アラマチ
ありあ,アリア
ありあけのハーバー,アリアケノハーバー
ありあけ号,アリアケゴウ
ありあけ型護衛艦,アリアケガタゴエイカン
ありあまるごちそう,アリアマルゴチソウ
ありあまる富,アリアマルトミ
ありえないくらい奇跡,アリエナイクライキセキ
ありえへん世界,アリエヘンセカイ
ありか,アリカ
ありかわ栄一,アリカワエイイチ
ありかわ真奈,アリカワマナ
ありがた山,アリガタヤマ
ありがとうごじゃいます,アリガトウゴジャイマス
ありがとうのうた,アリガトウノウタ
ありがとうをきみへ,アリガトウヲキミヘ
ありがとうサービス,アリガトウサービス
ありがとうパパ,アリガトウパパ
ありがとう浜村淳です,アリガトウハマムラジュンデス
ありがとう浜村淳です土曜日です,アリガトウハマムラジュンデスドヨウビデス
ありがひとし,アリガヒトシ
ありさ,アリサ
ありさか邦,アリサカクニ
ありじごく,アリジゴク
ありす,アリス
ありす・で・ありす,アリスデアリス
ありそドーム,アリソドーム
ありだ農業協同組合,アリダノウギョウキョウドウクミアイ
ありったけの愛,アリッタケノアイ
ありとあらゆる種類の食材を含んだ料理,アリトアラユルシュルイノショクザイヲフクンダリョウリ
ありとはと,アリトハト
ありなしコンビ,アリナシコンビ
ありのひろし,アリノヒロシ
ありのままで,アリノママデ
ありのみ,アリノミ
ありふれた一日,アリフレタイチニチ
ありふれた今日の特別な場面,アリフレタキョウノトクベツナバメン
ありふれた奇跡,アリフレタキセキ
ありふれた職業で世界最強,アリフレタショクギョウデセカイサイキョウ
ありま,アリマ
ありましの,アリマシノ
ありません,アリマセン
ありま猛,アリマタケシ
ありむら潜,アリムラセン
ありゃ馬こりゃ馬,アリャマコリャマ
ありをりはべり,アリヲリハベリ
ありんこ,アリンコ
ありんことひまわり,アリンコトヒマワリ
ありんこアフター・ダーク,アリンコアフターダーク
あり子,アリコ
あるある,アルアル
あるあるセブン,アルアルセブン
あるあるネタ,アルアルネタ
あるある大事典,アルアルダイジテン
あるある大辞典,アルアルダイジテン
あるある探検隊,アルアルタンケンタイ
あるいは現在進行形の黒歴史,アルイハゲンザイシンコウケイノクロレキシ
あるいは裏切りという名の犬,アルイハウラギリトイウナノイヌ
あるいテコテコ,アルイテコテコ
あるかす,アルカス
あるがままに,アルガママニ
あるくみるきく,アルクミルキク
あるごう,アルゴウ
あるじゃん,アルジャン
あるなしクイズ,アルナシクイズ
あるなする,アルナスル
あるばとろす,アルバトロス
あるばむ,アルバム
あるびれお,アルビレオ
あるぴじ学園,アルピジガクエン
あるぷす大将,アルプスタイショウ
あるぽ,アルポ
あるまいとせんめんき,アルマイトセンメンキ
あるまじろう,アルマジロウ
あるまるみ,アルマルミ
あるようでない男,アルヨウデナイオトコ
あるるかん,アルルカン
あるカタストロフ,アルカタストロフ
あるジーサンに線香を,アルジーサンニセンコウヲ
あるスキャンダルについての覚え書き,アルスキャンダルニツイテノオボエガキ
あるスキャンダルの覚え書き,アルスキャンダルノオボエガキ
あるゾンビ少女の災難,アルゾンビソショウジョノサイナン
ある人生,アルジンセイ
ある優しき殺人者の記録,アルヤサシキサツジンシャノキロク
ある光,アルヒカリ
ある公爵夫人の生涯,アルコウシャクフジンノショウガイ
ある兵士の賭け,アルヘイシノカケ
ある勇気の記録,アルユウキノキロク
ある夏の記録,アルナツノキロク
ある大統領の情事,アルダイトウリョウノジョウジ
ある女の存在証明,アルオンナノソンザイショウメイ
ある子供,アルコドモ
ある少女にまつわる殺人の告白,アルショウジョニマツワルサツジンノコクハク
ある心の風景,アルココロノフウケイ
ある恋の物語,アルコイノモノガタリ
ある愛の詩,アルアイノウタ
ある愛の風景,アルアイノフウケイ
ある愛へと続く旅,アルアイヘトツヅクタビ
ある戦争,アルセンソウ
ある数学者の生涯と弁明,アルスウガクシャノショウガイトベンメイ
ある日,アルヒ
ある日どこかで,アルヒドコカデ
ある日の家斉,アルヒノイエナリ
ある日わたしは,アルヒワタシハ
ある日突然恋だった,アルヒトツゼンコイダッタ
ある機関助士,アルキカンジョシ
ある殺し屋,アルコロシヤ
ある殺人に関するテーゼ,アルサツジンニカンスルテーゼ
ある皇后の運命の歳月,アルコウゴウノウンメイノサイゲツ
ある真夜中に,アルマヨナカニ
ある秘密,アルヒミツ
ある篝火について,アルカガリビニツイテ
ある素敵な日,アルステキナヒ
ある落日,アルラクジツ
ある証明,アルショウメイ
ある貴婦人の肖像,アルキフジンノショウゾウ
ある貴紳のための幻想曲,アルキシンノタメノゲンソウキョク
ある過去の行方,アルカコノユクエ
ある閉ざされた雪の山荘で,アルトザサレタユキノサンソウデ
あれきさんだーおりょう,アレキサンダーオリョウ
あれも食いたいこれも食いたい,アレモクイタイコレモクイタイ
あれよ星屑,アレヨホシクズ
あろひろし,アロヒロシ
あろまほっと,アロマホット
あわ,アワ
あわくら温泉,アワクラオンセン
あわくら温泉駅,アワクラオンセンエキ
あわしま,アワシマ
あわしまマリンパーク,アワシママリンパーク
あわじ,アワジ
あわじひめじ,アワジヒメジ
あわじ交流の翼港海の駅,アワジコウリュウノツバサコウウミノエキ
あわじ島,アワジシマ
あわじ島農業協同組合,アワジシマノウギョウキョウドウクミアイ
あわひらかた号,アワヒラカタゴウ
あわひろしま号,アワヒロシマゴウ
あわび,アワビ
あわみちゃん,アワミチャン
あわむら赤光,アワムラアカミツ
あわもえ,アワモエ
あわら,アワラ
あわらグランドホテル,アワラグランドホテル
あわら市,アワラシ
あわら市伊井小学校,アワラシイイショウガッコウ
あわら市北潟小学校,アワラシキタガタショウガッコウ
あわら市吉崎小学校,アワラシヨシザキショウガッコウ
あわら市新郷小学校,アワラシシンゴウショウガッコウ
あわら市波松小学校,アワラシナミマツショウガッコウ
あわら市細呂木小学校,アワラシホソロギショウガッコウ
あわら市芦原中学校,アワラシアワラチュウガッコウ
あわら市芦原小学校,アワラシアワラショウガッコウ
あわら市金津中学校,アワラシカナヅチュウガッコウ
あわら市金津小学校,アワラシカナヅショウガッコウ
あわら市金津東小学校,アワラシカナヅヒガシショウガッコウ
あわら温泉,アワラオンセン
あわら湯のまち駅,アワラユノマチエキ
あわら病院,アワラビョウイン
あわら警察署,アワラケイサツショ
あわれ彼女は娼婦,アワレカノジョハショウフ
あわわ,アワワ
あわメロ,アワメロ
あわ箱,アワバコ
あんいーぶん,アンイーブン
あんか,アンカ
あんかけ,アンカケ
あんかけうどん,アンカケウドン
あんかけスパ,アンカケスパ
あんかけスパゲッティ,アンカケスパゲッティ
あんかけスパゲティ,アンカケスパゲティ
あんかけパスタ,アンカケパスタ
あんかけ焼きそば,アンカケヤキソバ
あんきも,アンキモ
あんく,アンク
あんくるふじや,アンクルフジヤ
あんくるバス,アンクルバス
あんぐら,アングラ
あんぐりー・ブギ,アングリーブギ
あんぐるランキング,アングルランキング
あんこ,アンコ
あんこう,アンコウ
あんこう鍋,アンコウナベ
あんころ餅,アンコロモチ
あんこーる,アンコール
あんこ型,アンコガタ
あんこ巻き,アンコマキ
あんこ玉,アンコダマ
あんごろもあちゃんの地球侵略にっき,アンゴロモアチャンノチキュウシンリャクニッキ
あんさんぶるスターズ,アンサンブルスターズ
あんしん,アンシン
あんしんキー,アンシンキー
あんしんネットあいち,アンシンネットアイチ
あんしんネットなごや,アンシンネットナゴヤ
あんしん母と子の産婦人科連絡協議会,アンシンハハトコノサンフジンカレンラクキョウギカイ
あんしん財団,アンシンザイダン
あんじょうやりや,アンジョウヤリヤ
あんず,アンズ
あんずさき,アンズサキ
あんずちゃん,アンズチャン
あんずの里,アンズノサト
あんずボー,アンズボー
あんず油,アンズユ
あんず飴,アンズアメ
あんぜん,アンゼン
あんぜんきょうしつ,アンゼンキョウシツ
あんぜんパトロール,アンゼンパトロール
あんた,アンタ
あんたがたいしょう,アンタガタイショウ
あんたがたどこさ,アンタガタドコサ
あんたのバラード,アンタノバラード
あんたの代理人,アンタノダイリニン
あんたの背中,アンタノセナカ
あんたへ,アンタヘ
あんたま,アンタマ
あんだー,アンダー
あんちゃん,アンチャン
あんちょこ,アンチョコ
あんてなちゃん,アンテナチャン
あんでる,アンデル
あんどう,アンドウ
あんどうさくら,アンドウサクラ
あんどうまみ,アンドウマミ
あんどろトリオ,アンドロトリオ
あんどん,アンドン
あんどーなつ,アンドーナツ
あんど慶周,アンドケイシュウ
あんなに一緒だったのに,アンナニイッショダッタノニ
あんなぷる,アンナプル
あんにょんキムチ,アンニョンキムチ
あんにん,アンニン
あんのうん,アンノウン
あんばさま,アンバサマ
あんばやし,アンバヤシ
あんぱん,アンパン
あんびるとよぞうのラジオどんぶり,アンビルトヨゾウノラジオドンブリ
あんびるやすこ,アンビルヤスコ
あんふぁん,アンファン
あんべあつし,アンベアツシ
あんべ光俊,アンベツミトシ
あんぺあ,アンペア
あんぽ柿,アンポガキ
あんま,アンマ
あんまき,アンマキ
あんまん,アンマン
あんみつ,アンミツ
あんみつガラス,アンミツガラス
あんみつ姫,アンミツヒメ
あんみつ戦争,アンミツセンソウ
あんみつ検事の捜査ファイル,アンミツケンジノソウサファイル
あんみつ館,アンミツカン
あんみ通,アンミツ
あんり,アンリ
あんりある・パラダイス,アンリアルパラダイス
あんドーナツ,アンドーナツ
あんパン,アンパン
あん摩,アンマ
あん摩マッサージ指圧師,アンママッサージシアツシ
あん摩マッサージ指圧師国家試験,アンママッサージシアツシコッカシケン
あん玉,アンダマ
あん肝,アンキモ
あん蜜,アンミツ
あん誰,アンダレ
あん馬,アンバ
あゝさすらい,アアサスライ
あゝにっぽん活動大写真,アアニッポンカツドウダイシャシン
あゝひめゆりの塔,アアヒメユリノトウ
あゝプロ野球,アアプロヤキュウ
あゝ上野駅,アアウエノエキ
あゝ人生に涙あり,アアジンセイニナミダアリ
あゝ同期の桜,アアドウキノサクラ
あゝ声なき友,アアコエナキトモ
あゝ我が良き友よ,アアワガヨキトモヨ
あゝ決戦航空隊,アアケッセンコウクウタイ
あゝ玉杯に花うけて,アアギョクハイニハナウケテ
あゝ甲子園,アアコウシエン
あゝ結婚,アアケッコン
あゝ野麦峠,アアノムギトウゲ
あゝ離婚式,アアリコンシキ
あゝ高杉晋作,アアタカスギシンサク
あヴぁんだんど,アヴァンダンド
あ・い・うー,アイウー
あ・い・こ・と・ば,アイコトバ
あ・じゃ・ぱん,アジャパン
あ・ぶ・な・いラブソング,アブナイラブソング
あ・ゆ・れでぃー,アユレディー
あ・り・が・と・う,アリガトウ
あーくしゅ,アークシュ
あーさ,アーサ
あーさー汁,アーサージル
あー夏休み,アーナツヤスミ
あ段,アダン
あ行,アギョウ